Workbook

Sheet raw_data
A1: Год | B1: Темп роста инвестиций (%) | C1: Уровень безработицы (%) | D1: Уровень инфляции (%) | E1: Темп роста экспорта (%) | F1: Уровень процентных ставок (%) | G1: Рост ВВП (%)
A2: 2001 | B2: 887987 | C2: 29411 | D2: 176041 | E2: 552869 | F2: 0,893629 | G2: 349671
A3: 2002 | B3: 746267 | C3: 288198 | D3: 190717 | E3: 578798 | F3: 164498 | G3: 286174
A4: 2003 | B4: 831668 | C4: 19662 | D4: 144683 | E4: 730174 | F4: 136957 | G4: 364769
A5: 2004 | B5: 835835 | C5: 108047 | D5: 14019 | E5: 574324 | F5: 0,789649 | G5: 452303
A6: 2005 | B6: 721707 | C6: 13088 | D6: 240626 | E6: 457443 | F6: 181302 | G6: 276585
A7: 2006 | B7: 754474 | C7: 206747 | D7: 267812 | E7: 488117 | F7: 209568 | G7: 276586
A8: 2007 | B8: 854579 | C8: 0,875991 | D8: 196399 | E8: 720501 | F8: 211141 | G8: 457921
A9: 2008 | B9: 857854 | C9: 304317 | D9: 250177 | E9: 621247 | F9: 158032 | G9: 376743
A10: 2009 | B10: 697715 | C10: 33192 | D10: 218082 | E10: 47355 | F10: 211656 | G10: 253053
A11: 2010 | B11: 804246 | C11: 0,402912 | D11: 167744 | E11: 628455 | F11: 154575 | G11: 354256
A12: 2011 | B12: 698207 | C12: 329482 | D12: 21807 | E12: 536537 | F12: 102598 | G12: 253658
A13: 2012 | B13: 820698 | C13: 25875 | D13: 276902 | E13: 623578 | F13: 197303 | G13: 253427
A14: 2013 | B14: 791102 | C14: 172951 | D14: 198209 | E14: 491893 | F14: 173333 | G14: 324196
A15: 2014 | B15: 544919 | C15: 47423 | D15: 278232 | E15: 42157 | F15: 379693 | G15: 108672
A16: 2015 | B16: 655885 | C16: 501093 | D16: 0,690127 | E16: 424543 | F16: 239379 | G16: 127508
A17: 2016 | B17: 658352 | C17: 398111 | D17: 241095 | E17: 375534 | F17: 217569
A18: 2017 | B18: 689288 | C18: 257105 | D18: 204352 | E18: 52897 | F18: 218778
A19: 2018 | B19: 700299 | C19: 203939 | D19: 18505 | E19: 591818 | F19: 108996
A20: 2019 | B20: 621869 | C20: 365768 | D20: 204588 | E20: 50511 | F20: 273462
A21: 2020 | B21: 652736 | C21: 470539 | D21: 100622 | E21: 455926 | F21: 274089

Sheet analysis
B1: Темп роста инвестиций (%) | C1: Уровень безработицы (%) | D1: Уровень инфляции (%) | E1: Темп роста экспорта (%) | F1: Уровень процентных ставок (%) | G1: Рост ВВП (%) | I1: k | J1: b | K1: Y | L1: X
A2: {=TRANSPOSE(B1:G1)} -> Темп роста инвестиций (%) | B2: =CORREL(raw_data!$B$2:$B$16,raw_data!B$2:B$16) -> 1 | C2: =CORREL(raw_data!$B$2:$B$16,raw_data!C2:C16) -> -0.19477356 | D2: =CORREL(raw_data!$B$2:$B$16,raw_data!D2:D16) -> -0.20296838 | E2: =CORREL(raw_data!$B$2:$B$16,raw_data!E$2:E$16) -> 0.78768805 | F2: =CORREL(raw_data!$B$2:$B$16,raw_data!F2:F16) -> -0.66403355 | G2: =CORREL(raw_data!$B$2:$B$16,raw_data!G2:G16) -> 0.87062017 | I2: {=LINEST(raw_data!G2:G16,raw_data!B2:B16)} -> 0.94208552 | J2: -421428.16 | K2: =G1 -> Рост ВВП (%) | L2: =B1 -> Темп роста инвестиций (%)
A3: Уровень безработицы (%) | B3: =CORREL(raw_data!$C$2:$C$16,raw_data!B$2:B$16) -> -0.19477356 | C3: =CORREL(raw_data!$C$2:$C$16,raw_data!C$2:C$16) -> 1 | D3: =CORREL(raw_data!$C$2:$C$16,raw_data!D$2:D$16) -> -0.25606038 | E3: =CORREL(raw_data!$C$2:$C$16,raw_data!E$2:E$16) -> 0.16253473 | F3: =CORREL(raw_data!$C$2:$C$16,raw_data!F$2:F$16) -> -0.19170591 | G3: =CORREL(raw_data!$C$2:$C$16,raw_data!G$2:G$16) -> -0.25085993
A4: Уровень инфляции (%) | B4: =CORREL(raw_data!$D$2:$D$16,raw_data!B$2:B$16) -> -0.20296838 | C4: =CORREL(raw_data!$D$2:$D$16,raw_data!C$2:C$16) -> -0.25606038 | D4: =CORREL(raw_data!$D$2:$D$16,raw_data!D$2:D$16) -> 1 | E4: =CORREL(raw_data!$D$2:$D$16,raw_data!E$2:E$16) -> -0.30513177 | F4: =CORREL(raw_data!$D$2:$D$16,raw_data!F$2:F$16) -> 0.64952389 | G4: =CORREL(raw_data!$D$2:$D$16,raw_data!G$2:G$16) -> -0.43925133 | I4: уравнение линейной регрессии
A5: Темп роста экспорта (%) | B5: =CORREL(raw_data!$E$2:$E$16,raw_data!B$2:B$16) -> 0.78768805 | C5: =CORREL(raw_data!$E$2:$E$16,raw_data!C$2:C$16) -> 0.16253473 | D5: =CORREL(raw_data!$E$2:$E$16,raw_data!D$2:D$16) -> -0.30513177 | E5: =CORREL(raw_data!$E$2:$E$16,raw_data!E$2:E$16) -> 1 | F5: =CORREL(raw_data!$E$2:$E$16,raw_data!F$2:F$16) -> -0.68399594 | G5: =CORREL(raw_data!$E$2:$E$16,raw_data!G$2:G$16) -> 0.68239605 | I5: Y = k X + b
A6: Уровень процентных ставок (%) | B6: =CORREL(raw_data!$F$2:$F$16,raw_data!B$2:B$16) -> -0.66403355 | C6: =CORREL(raw_data!$F$2:$F$16,raw_data!C$2:C$16) -> -0.19170591 | D6: =CORREL(raw_data!$F$2:$F$16,raw_data!D$2:D$16) -> 0.64952389 | E6: =CORREL(raw_data!$F$2:$F$16,raw_data!E$2:E$16) -> -0.68399594 | F6: =CORREL(raw_data!$F$2:$F$16,raw_data!F$2:F$16) -> 1 | G6: =CORREL(raw_data!$F$2:$F$16,raw_data!G$2:G$16) -> -0.6028606
A7: Рост ВВП (%) | B7: =CORREL(raw_data!$G$2:$G$16,raw_data!B$2:B$16) -> 0.87062017 | C7: =CORREL(raw_data!$G$2:$G$16,raw_data!C$2:C16) -> -0.25085993 | D7: =CORREL(raw_data!$G$2:$G$16,raw_data!D$2:D$16) -> -0.43925133 | E7: =CORREL(raw_data!$G$2:$G$16,raw_data!E$2:E$16) -> 0.68239605 | F7: =CORREL(raw_data!$G$2:$G$16,raw_data!F$2:F$16) -> -0.6028606 | G7: =CORREL(raw_data!$G$2:$G$16,raw_data!G$2:G16) -> 1
A9: Для анализа был выбран фактор с наибольшей корреляцией. Поскольку это однофакторная модель, многоколлинеарность не учитывалась.

Sheet result
A1: Год | B1: Темп роста инвестиций (%) | C1: Рост ВВП (%) | D1: Рост ВВП (%) (Y=kX+b) | E1: Рост ВВП (%) (ТЕНДЕНЦИЯ)
A2: 2001 | B2: 887987 | C2: 349671 | D2: =analysis!$I$2*result!B2+analysis!$J$2 -> 415131.53
A3: 2002 | B3: 746267 | C3: 286174 | D3: =analysis!$I$2*result!B3+analysis!$J$2 -> 281619.17
A4: 2003 | B4: 831668 | C4: 364769 | D4: =analysis!$I$2*result!B4+analysis!$J$2 -> 362074.22
A5: 2004 | B5: 835835 | C5: 452303 | D5: =analysis!$I$2*result!B5+analysis!$J$2 -> 365999.89
A6: 2005 | B6: 721707 | C6: 276585 | D6: =analysis!$I$2*result!B6+analysis!$J$2 -> 258481.55
A7: 2006 | B7: 754474 | C7: 276586 | D7: =analysis!$I$2*result!B7+analysis!$J$2 -> 289350.87
A8: 2007 | B8: 854579 | C8: 457921 | D8: =analysis!$I$2*result!B8+analysis!$J$2 -> 383658.34
A9: 2008 | B9: 857854 | C9: 376743 | D9: =analysis!$I$2*result!B9+analysis!$J$2 -> 386743.67
A10: 2009 | B10: 697715 | C10: 253053 | D10: =analysis!$I$2*result!B10+analysis!$J$2 -> 235879.04
A11: 2010 | B11: 804246 | C11: 354256 | D11: =analysis!$I$2*result!B11+analysis!$J$2 -> 336240.35
A12: 2011 | B12: 698207 | C12: 253658 | D12: =analysis!$I$2*result!B12+analysis!$J$2 -> 236342.54
A13: 2012 | B13: 820698 | C13: 253427 | D13: =analysis!$I$2*result!B13+analysis!$J$2 -> 351739.54
... A16: 2015 | B16: 655885 | C16: 127508 | D16: =analysis!$I$2*result!B16+analysis!$J$2 -> 196471.6
A17: 2016 | B17: 658352 | D17: =analysis!$I$2*result!B17+analysis!$J$2 -> 198795.72 | E17: {=TREND(C2:C16,B2:B16,B17:B21)} -> 198795.72
A18: 2017 | B18: 689288 | D18: =analysis!$I$2*result!B18+analysis!$J$2 -> 227940.08 | E18: 227940.08
A19: 2018 | B19: 700299 | D19: =analysis!$I$2*result!B19+analysis!$J$2 -> 238313.38 | E19: 238313.38
A20: 2019 | B20: 621869 | D20: =analysis!$I$2*result!B20+analysis!$J$2 -> 164425.62 | E20: 164425.62
A21: 2020 | B21: 652736 | D21: =analysis!$I$2*result!B21+analysis!$J$2 -> 193504.97 | E21: 193504.97
